{
    "MAE": 11.170714772246892,
    "MSE": 301.46374328623,
    "RMSE": 17.362711288454634,
    "R2_Score": 0.5395773916655999
}