{
    "MAE": 11.167828449152083,
    "MSE": 301.2759815652375,
    "RMSE": 17.357303407074426,
    "R2_Score": 0.5398580228600691
}