{
    "MAE": 11.167400094289006,
    "MSE": 301.3674077431715,
    "RMSE": 17.359936858847487,
    "R2_Score": 0.5397228344897198
}