{
    "MAE": 11.169458882705076,
    "MSE": 301.4151309706603,
    "RMSE": 17.36131132635609,
    "R2_Score": 0.5396869065783021
}