{
    "MAE": 11.173729569543806,
    "MSE": 301.42635779687316,
    "RMSE": 17.36163465221156,
    "R2_Score": 0.5396127618103577
}