{
    "MAE": 11.167166425720747,
    "MSE": 301.3060250290041,
    "RMSE": 17.358168827068255,
    "R2_Score": 0.5397894866073369
}