{
    "MAE": 11.170365042718032,
    "MSE": 301.2859566818762,
    "RMSE": 17.35759075107707,
    "R2_Score": 0.5398111065358686
}