{
    "MAE": 11.174617497493626,
    "MSE": 301.49534402406044,
    "RMSE": 17.36362128198091,
    "R2_Score": 0.5395291454205764
}