{
    "MAE": 11.16974228038606,
    "MSE": 301.37549227543377,
    "RMSE": 17.360169707564317,
    "R2_Score": 0.539740417169948
}