{
    "MAE": 11.174214326933596,
    "MSE": 301.50936472980413,
    "RMSE": 17.3640250152378,
    "R2_Score": 0.5394976559554465
}