{
    "MAE": 0.0357191489975177,
    "MSE": 0.02529507952755288,
    "RMSE": 0.15904426908113628,
    "R2_Score": 0.9999613670739733
}