{
    "MAE": 0.03592427844604106,
    "MSE": 0.025762526375939374,
    "RMSE": 0.16050709135717142,
    "R2_Score": 0.999960649913337
}