{
    "MAE": 0.035898950991211064,
    "MSE": 0.025760278621662223,
    "RMSE": 0.160500089164032,
    "R2_Score": 0.9999606541188532
}