{
    "MAE": 0.035859554184370764,
    "MSE": 0.025663259070046615,
    "RMSE": 0.16019756262205306,
    "R2_Score": 0.9999608039008401
}