{
    "MAE": 0.03582824381459643,
    "MSE": 0.02622067421488165,
    "RMSE": 0.16192799083197953,
    "R2_Score": 0.9999599515321969
}