{
    "MAE": 0.0359360149199351,
    "MSE": 0.025715827332943645,
    "RMSE": 0.16036155191611126,
    "R2_Score": 0.9999607239462924
}