{
    "MAE": 0.03583849930406837,
    "MSE": 0.0257753752919374,
    "RMSE": 0.16054711237495803,
    "R2_Score": 0.9999606359382789
}