{
    "MAE": 0.03591147382851508,
    "MSE": 0.025884825283156367,
    "RMSE": 0.16088761693541354,
    "R2_Score": 0.9999604663625657
}