{
    "MAE": 0.036002622520253734,
    "MSE": 0.025679927693931855,
    "RMSE": 0.1602495793876909,
    "R2_Score": 0.9999607823040683
}