{
    "MAE": 0.035825065595814436,
    "MSE": 0.025712356259321667,
    "RMSE": 0.16035072890174734,
    "R2_Score": 0.9999607296271807
}