{
    "model_parameters": {
        "algorithm": "auto",
        "leaf_size": 30,
        "metric": "minkowski",
        "metric_params": null,
        "n_jobs": null,
        "n_neighbors": 5,
        "p": 2,
        "weights": "uniform"
    },
    "accuracy": 0.976214461130493,
    "precision": 0.9747591394665391,
    "recall": 0.976214461130493,
    "f1_score": 0.9751712309129164,
    "classification_report": {
        "1": {
            "precision": 0.9836322155834321,
            "recall": 0.9919228831426801,
            "f1-score": 0.987760152944039,
            "support": 1450889.0
        },
        "2": {
            "precision": 0.8053632286995516,
            "recall": 0.6827914474284498,
            "f1-score": 0.7390295289199065,
            "support": 65758.0
        },
        "3": {
            "precision": 0.7602697731453096,
            "recall": 0.6007751937984496,
            "f1-score": 0.6711772665764547,
            "support": 4128.0
        },
        "4": {
            "precision": 0.8043538164783687,
            "recall": 0.5856741573033708,
            "f1-score": 0.6778126088470916,
            "support": 4984.0
        },
        "accuracy": 0.976214461130493,
        "macro avg": {
            "precision": 0.8384047584766655,
            "recall": 0.7152909204182375,
            "f1-score": 0.768944889321873,
            "support": 1525759.0
        },
        "weighted avg": {
            "precision": 0.9747591394665391,
            "recall": 0.976214461130493,
            "f1-score": 0.9751712309129164,
            "support": 1525759.0
        }
    }
}