{
    "model_parameters": {
        "algorithm": "auto",
        "leaf_size": 30,
        "metric": "minkowski",
        "metric_params": null,
        "n_jobs": null,
        "n_neighbors": 5,
        "p": 2,
        "weights": "uniform"
    },
    "accuracy": 0.9763153945020151,
    "precision": 0.9748704445111305,
    "recall": 0.9763153945020151,
    "f1_score": 0.9752746568147092,
    "classification_report": {
        "1": {
            "precision": 0.9836662192344809,
            "recall": 0.9919883602398254,
            "f1-score": 0.9878097618677492,
            "support": 1450889.0
        },
        "2": {
            "precision": 0.8067164983648974,
            "recall": 0.682761032878129,
            "f1-score": 0.7395809310447072,
            "support": 65758.0
        },
        "3": {
            "precision": 0.762406015037594,
            "recall": 0.6140988372093024,
            "f1-score": 0.680262981349792,
            "support": 4128.0
        },
        "4": {
            "precision": 0.8089048672566371,
            "recall": 0.5868780096308186,
            "f1-score": 0.6802325581395349,
            "support": 4984.0
        },
        "accuracy": 0.9763153945020151,
        "macro avg": {
            "precision": 0.8404233999734023,
            "recall": 0.7189315599895187,
            "f1-score": 0.7719715581004458,
            "support": 1525759.0
        },
        "weighted avg": {
            "precision": 0.9748704445111305,
            "recall": 0.9763153945020151,
            "f1-score": 0.9752746568147092,
            "support": 1525759.0
        }
    }
}