{
    "model_parameters": {
        "algorithm": "auto",
        "leaf_size": 30,
        "metric": "minkowski",
        "metric_params": null,
        "n_jobs": null,
        "n_neighbors": 5,
        "p": 2,
        "weights": "uniform"
    },
    "accuracy": 0.9762524749976896,
    "precision": 0.9747931007154486,
    "recall": 0.9762524749976896,
    "f1_score": 0.9751972378578352,
    "classification_report": {
        "1": {
            "precision": 0.9836118117968985,
            "recall": 0.9919911171702315,
            "f1-score": 0.9877836945264775,
            "support": 1450889.0
        },
        "2": {
            "precision": 0.8061897149426113,
            "recall": 0.6825481310258827,
            "f1-score": 0.7392346270721645,
            "support": 65758.0
        },
        "3": {
            "precision": 0.7595361611229783,
            "recall": 0.6029554263565892,
            "f1-score": 0.6722484807562458,
            "support": 4128.0
        },
        "4": {
            "precision": 0.8103932584269663,
            "recall": 0.5788523274478331,
            "f1-score": 0.6753277153558053,
            "support": 4984.0
        },
        "accuracy": 0.9762524749976896,
        "macro avg": {
            "precision": 0.8399327365723637,
            "recall": 0.7140867505001341,
            "f1-score": 0.7686486294276733,
            "support": 1525759.0
        },
        "weighted avg": {
            "precision": 0.9747931007154486,
            "recall": 0.9762524749976896,
            "f1-score": 0.9751972378578352,
            "support": 1525759.0
        }
    }
}