{
    "model_parameters": {
        "algorithm": "auto",
        "leaf_size": 30,
        "metric": "minkowski",
        "metric_params": null,
        "n_jobs": null,
        "n_neighbors": 5,
        "p": 2,
        "weights": "uniform"
    },
    "accuracy": 0.9762760698118117,
    "precision": 0.9748290622595878,
    "recall": 0.9762760698118117,
    "f1_score": 0.9752420401169648,
    "classification_report": {
        "1": {
            "precision": 0.9836863469870526,
            "recall": 0.9919442493533275,
            "f1-score": 0.987798039642301,
            "support": 1450889.0
        },
        "2": {
            "precision": 0.806522871356477,
            "recall": 0.6829283129048938,
            "f1-score": 0.7395976580834822,
            "support": 65758.0
        },
        "3": {
            "precision": 0.7543335325762104,
            "recall": 0.6114341085271318,
            "f1-score": 0.6754080813486754,
            "support": 4128.0
        },
        "4": {
            "precision": 0.7996177996177997,
            "recall": 0.5876805778491172,
            "f1-score": 0.6774603908870128,
            "support": 4984.0
        },
        "accuracy": 0.9762760698118117,
        "macro avg": {
            "precision": 0.8360401376343849,
            "recall": 0.7184968121586176,
            "f1-score": 0.7700660424903679,
            "support": 1525759.0
        },
        "weighted avg": {
            "precision": 0.9748290622595878,
            "recall": 0.9762760698118117,
            "f1-score": 0.9752420401169648,
            "support": 1525759.0
        }
    }
}