{
    "model_parameters": {
        "algorithm": "auto",
        "leaf_size": 30,
        "metric": "minkowski",
        "metric_params": null,
        "n_jobs": null,
        "n_neighbors": 5,
        "p": 2,
        "weights": "uniform"
    },
    "accuracy": 0.9762013529004253,
    "precision": 0.97475066575738,
    "recall": 0.9762013529004253,
    "f1_score": 0.9751629423038851,
    "classification_report": {
        "1": {
            "precision": 0.9836419980916917,
            "recall": 0.9919042738624388,
            "f1-score": 0.9877558584265769,
            "support": 1450889.0
        },
        "2": {
            "precision": 0.8045735808447673,
            "recall": 0.6821935307267667,
            "f1-score": 0.7383468299427217,
            "support": 65757.0
        },
        "3": {
            "precision": 0.7628865979381443,
            "recall": 0.6094961240310077,
            "f1-score": 0.6776191758685699,
            "support": 4128.0
        },
        "4": {
            "precision": 0.8071625344352618,
            "recall": 0.5877632898696088,
            "f1-score": 0.6802089378990134,
            "support": 4985.0
        },
        "accuracy": 0.9762013529004253,
        "macro avg": {
            "precision": 0.8395661778274662,
            "recall": 0.7178393046224556,
            "f1-score": 0.7709827005342205,
            "support": 1525759.0
        },
        "weighted avg": {
            "precision": 0.97475066575738,
            "recall": 0.9762013529004253,
            "f1-score": 0.9751629423038851,
            "support": 1525759.0
        }
    }
}