{
    "model_parameters": {
        "priors": null,
        "var_smoothing": 1e-09
    },
    "accuracy": 0.9509287174916108,
    "precision": 0.9042654257502397,
    "recall": 0.9509287174916108,
    "f1_score": 0.9270102158451908,
    "classification_report": {
        "1": {
            "precision": 0.9509287174916108,
            "recall": 1.0,
            "f1-score": 0.9748472191380307,
            "support": 1450889.0
        },
        "2": {
            "precision": 0.0,
            "recall": 0.0,
            "f1-score": 0.0,
            "support": 65758.0
        },
        "3": {
            "precision": 0.0,
            "recall": 0.0,
            "f1-score": 0.0,
            "support": 4129.0
        },
        "4": {
            "precision": 0.0,
            "recall": 0.0,
            "f1-score": 0.0,
            "support": 4984.0
        },
        "accuracy": 0.9509287174916108,
        "macro avg": {
            "precision": 0.2377321793729027,
            "recall": 0.25,
            "f1-score": 0.24371180478450769,
            "support": 1525760.0
        },
        "weighted avg": {
            "precision": 0.9042654257502397,
            "recall": 0.9509287174916108,
            "f1-score": 0.9270102158451908,
            "support": 1525760.0
        }
    }
}