{
    "model_parameters": {
        "priors": null,
        "var_smoothing": 1e-09
    },
    "accuracy": 0.9509293729026845,
    "precision": 0.9042666722490929,
    "recall": 0.9509293729026845,
    "f1_score": 0.9270111822691792,
    "classification_report": {
        "1": {
            "precision": 0.9509293729026845,
            "recall": 1.0,
            "f1-score": 0.9748475635361901,
            "support": 1450890.0
        },
        "2": {
            "precision": 0.0,
            "recall": 0.0,
            "f1-score": 0.0,
            "support": 65757.0
        },
        "3": {
            "precision": 0.0,
            "recall": 0.0,
            "f1-score": 0.0,
            "support": 4129.0
        },
        "4": {
            "precision": 0.0,
            "recall": 0.0,
            "f1-score": 0.0,
            "support": 4984.0
        },
        "accuracy": 0.9509293729026845,
        "macro avg": {
            "precision": 0.23773234322567113,
            "recall": 0.25,
            "f1-score": 0.24371189088404752,
            "support": 1525760.0
        },
        "weighted avg": {
            "precision": 0.9042666722490929,
            "recall": 0.9509293729026845,
            "f1-score": 0.9270111822691792,
            "support": 1525760.0
        }
    }
}